,coach,coach_url
0,Tom Herman,/wiki/Tom_Herman
1,Ryan Silverfield,/wiki/Ryan_Silverfield
2,Brian Newberry,/wiki/Brian_Newberry_(American_football)
3,Eric Morris,/wiki/Eric_Morris_(American_football)
4,Mike Bloomgren,/wiki/Mike_Bloomgren
5,Rhett Lashlee,/wiki/Rhett_Lashlee
6,Alex Golesh,/wiki/Alex_Golesh
7,Stan Drayton,/wiki/Stan_Drayton
8,Willie Fritz,/wiki/Willie_Fritz
9,Kevin Wilson,/wiki/Kevin_Wilson_(American_football)
10,Trent Dilfer,/wiki/Trent_Dilfer
11,Jeff Traylor,/wiki/Jeff_Traylor
12,Jeff Hafley,/wiki/Jeff_Hafley
13,Dabo Swinney,/wiki/Dabo_Swinney
14,Mike Elko,/wiki/Mike_Elko
15,Mike Norvell,/wiki/Mike_Norvell
16,Brent Key,/wiki/Brent_Key
17,Jeff Brohm,/wiki/Jeff_Brohm
18,Mario Cristobal,/wiki/Mario_Cristobal
19,Mack Brown,/wiki/Mack_Brown
20,Dave Doeren,/wiki/Dave_Doeren
21,Pat Narduzzi,/wiki/Pat_Narduzzi
22,Dino Babers,/wiki/Dino_Babers
23,Tony Elliott,/wiki/Tony_Elliott_(American_football_coach)
24,Brent Pry,/wiki/Brent_Pry
25,Dave Clawson,/wiki/Dave_Clawson
26,Dave Aranda,/wiki/Dave_Aranda
27,Kalani Sitake,/wiki/Kalani_Sitake
28,Scott Satterfield,/wiki/Scott_Satterfield
29,Dana Holgorsen,/wiki/Dana_Holgorsen
30,Matt Campbell,/wiki/Matt_Campbell_(American_football_coach)
31,Lance Leipold,/wiki/Lance_Leipold
32,Chris Klieman,/wiki/Chris_Klieman
33,Brent Venables,/wiki/Brent_Venables
34,Mike Gundy,/wiki/Mike_Gundy
35,Sonny Dykes,/wiki/Sonny_Dykes
36,Steve Sarkisian,/wiki/Steve_Sarkisian
37,Joey McGuire,/wiki/Joey_McGuire
38,Gus Malzahn,/wiki/Gus_Malzahn
39,Neal Brown,/wiki/Neal_Brown
40,Bret Bielema,/wiki/Bret_Bielema
41,Tom Allen,/wiki/Tom_Allen_(American_football)
42,Kirk Ferentz,/wiki/Kirk_Ferentz
43,Mike Locksley,/wiki/Mike_Locksley
44,Jim Harbaugh,/wiki/Jim_Harbaugh
45,Mel Tucker,/wiki/Mel_Tucker
46,P. J. Fleck,/wiki/P._J._Fleck
47,Matt Rhule,/wiki/Matt_Rhule
48,David Braun[interim],/wiki/David_Braun_(American_football)
49,Ryan Day,/wiki/Ryan_Day_(American_football)
50,James Franklin,/wiki/James_Franklin_(American_football_coach)
51,Ryan Walters,/wiki/Ryan_Walters_(American_football)
52,Greg Schiano,/wiki/Greg_Schiano
53,Luke Fickell,/wiki/Luke_Fickell
54,Mike MacIntyre,/wiki/Mike_MacIntyre
55,Rich Rodriguez,/wiki/Rich_Rodriguez
56,Jamey Chadwell,/wiki/Jamey_Chadwell
57,Sonny Cumbie,/wiki/Sonny_Cumbie
58,Rick Stockstill,/wiki/Rick_Stockstill
59,Jerry Kill,/wiki/Jerry_Kill
60,K. C. Keeler,/wiki/K._C._Keeler
61,Dana Dimel,/wiki/Dana_Dimel
62,Tyson Helton,/wiki/Tyson_Helton
63,Jeff Monken,/wiki/Jeff_Monken
64,Marcus Freeman,/wiki/Marcus_Freeman_(American_football_coach)
65,Jim L. Mora,/wiki/Jim_L._Mora
66,Don Brown,/wiki/Don_Brown_(American_football_coach)
67,Joe Moorhead,/wiki/Joe_Moorhead
68,Mike Neu,/wiki/Mike_Neu
69,Scot Loeffler,/wiki/Scot_Loeffler
70,Maurice Linguist,/wiki/Maurice_Linguist
71,Jim McElwain,/wiki/Jim_McElwain
72,Chris Creighton,/wiki/Chris_Creighton
73,Kenni Burns,/wiki/Kenni_Burns
74,Chuck Martin,/wiki/Chuck_Martin_(American_football)
75,Thomas Hammock,/wiki/Thomas_Hammock
76,Tim Albin,/wiki/Tim_Albin
77,Jason Candle,/wiki/Jason_Candle
78,Lance Taylor,/wiki/Lance_Taylor_(American_football)
79,Troy Calhoun,/wiki/Troy_Calhoun
80,Andy Avalos,/wiki/Andy_Avalos
81,Jay Norvell,/wiki/Jay_Norvell
82,Jeff Tedford,/wiki/Jeff_Tedford
83,Timmy Chang,/wiki/Timmy_Chang
84,Ken Wilson,/wiki/Ken_Wilson_(American_football)
85,Danny Gonzales,/wiki/Danny_Gonzales
86,Brady Hoke,/wiki/Brady_Hoke
87,Brent Brennan,/wiki/Brent_Brennan
88,Barry Odom,/wiki/Barry_Odom
89,Blake Anderson,/wiki/Blake_Anderson_(American_football)
90,Craig Bohl,/wiki/Craig_Bohl
91,Jedd Fisch,/wiki/Jedd_Fisch
92,Kenny Dillingham,/wiki/Kenny_Dillingham
93,Justin Wilcox,/wiki/Justin_Wilcox_(American_football)
94,Deion Sanders,/wiki/Deion_Sanders
95,Dan Lanning,/wiki/Dan_Lanning
96,Jonathan Smith,/wiki/Jonathan_Smith_(American_football_coach)
97,Troy Taylor,/wiki/Troy_Taylor_(American_football)
98,Chip Kelly,/wiki/Chip_Kelly
99,Lincoln Riley,/wiki/Lincoln_Riley
100,Kyle Whittingham,/wiki/Kyle_Whittingham
101,Kalen DeBoer,/wiki/Kalen_DeBoer
102,Jake Dickert,/wiki/Jake_Dickert
103,Nick Saban,/wiki/Nick_Saban
104,Sam Pittman,/wiki/Sam_Pittman
105,Hugh Freeze,/wiki/Hugh_Freeze
106,Billy Napier,/wiki/Billy_Napier
107,Kirby Smart,/wiki/Kirby_Smart
108,Mark Stoops,/wiki/Mark_Stoops
109,Brian Kelly,/wiki/Brian_Kelly_(American_football_coach)
110,Lane Kiffin,/wiki/Lane_Kiffin
111,Zach Arnett,/wiki/Zach_Arnett
112,Eliah Drinkwitz,/wiki/Eliah_Drinkwitz
113,Shane Beamer,/wiki/Shane_Beamer
114,Josh Heupel,/wiki/Josh_Heupel
115,Jimbo Fisher,/wiki/Jimbo_Fisher
116,Clark Lea,/wiki/Clark_Lea
117,Shawn Clark,/wiki/Shawn_Clark
118,Butch Jones,/wiki/Butch_Jones
119,Tim Beck,"/wiki/Tim_Beck_(American_football,_born_1966)"
120,Clay Helton,/wiki/Clay_Helton
121,Shawn Elliott,/wiki/Shawn_Elliott_(American_football)
122,Curt Cignetti,/wiki/Curt_Cignetti
123,Michael Desormeaux,/wiki/Michael_Desormeaux
124,Terry Bowden,/wiki/Terry_Bowden
125,Charles Huff,/wiki/Charles_Huff_(American_football)
126,Ricky Rahne,/wiki/Ricky_Rahne
127,Kane Wommack,/wiki/Kane_Wommack
128,Will Hall,/wiki/Will_Hall_(American_football)
129,G. J. Kinne,/wiki/G._J._Kinne
130,Jon Sumrall,/wiki/Jon_Sumrall
0,Charlie Frye,/wiki/Charlie_Frye
1,Tim Cramsey,/wiki/Tim_Cramsey
3,Jordan Davis,/wiki/Jordan_Davis_(American_football_coach)
4,Marques Tuiasosopo,/wiki/Marques_Tuiasosopo
5,Casey Woods,/wiki/Casey_Woods
7,Danny Langsdorf,/wiki/Danny_Langsdorf
9,Steve Spurrier Jr.,/wiki/Steve_Spurrier_Jr.
10,Alex Mortensen,/wiki/Alex_Mortensen
11,Justin Burke,/wiki/Justin_Burke
12,Steve Shimko,/wiki/Steve_Shimko
13,Garrett Riley,/wiki/Garrett_Riley
14,Kevin Johns,/wiki/Kevin_Johns
15,Alex Atkins,/wiki/Alex_Atkins
16,Buster Faulkner,/wiki/Buster_Faulkner
17,Brian Brohm,/wiki/Brian_Brohm
18,Shannon Dawson,/wiki/Shannon_Dawson
19,Chip Lindsey,/wiki/Chip_Lindsey
20,Robert Anae,/wiki/Robert_Anae
21,Frank Cignetti Jr.,/wiki/Frank_Cignetti_Jr.
22,Jason Beck,/wiki/Jason_Beck_(American_football)
23,Des Kitchings,/wiki/Des_Kitchings
24,Tyler Bowen,/wiki/Tyler_Bowen
25,Warren Ruggiero,/wiki/Warren_Ruggiero
26,Jeff Grimes,/wiki/Jeff_Grimes
27,Aaron Roderick,/wiki/Aaron_Roderick
28,Brad Glenn,/wiki/Brad_Glenn_(American_football_coach)
29,Dana Holgorsen,/wiki/Dana_Holgorsen
30,Nathan Scheelhaase,/wiki/Nathan_Scheelhaase
31,Andy Kotelnicki,/wiki/Andy_Kotelnicki
32,Collin Klein,/wiki/Collin_Klein
33,Jeff Lebby,/wiki/Jeff_Lebby
34,Kasey Dunn,/wiki/Kasey_Dunn
36,Kyle Flood,/wiki/Kyle_Flood
37,Zach Kittley,/wiki/Zach_Kittley
38,Darin Hinshaw,/wiki/Darin_Hinshaw
40,Barry Lunney Jr.,/wiki/Barry_Lunney_Jr.
42,Brian Ferentz,/wiki/Brian_Ferentz
44,Sherrone Moore,/wiki/Sherrone_Moore
45,Jay Johnson,/wiki/Jay_Johnson_(American_football_coach)
47,Marcus Satterfield,/wiki/Marcus_Satterfield
48,Mike Bajakian,/wiki/Mike_Bajakian
49,Brian Hartline,/wiki/Brian_Hartline
50,Mike Yurcich,/wiki/Mike_Yurcich
51,Graham Harrell,/wiki/Graham_Harrell
52,Kirk Ciarrocca,/wiki/Kirk_Ciarrocca
53,Phil Longo,/wiki/Phil_Longo
54,David Yost,/wiki/David_Yost_(American_football)
55,Rod Smith,/wiki/Rod_Smith_(American_football_coach)
58,Mitch Stewart,/wiki/Mitch_Stewart_(American_football)
59,Tim Beck,"/wiki/Tim_Beck_(American_football,_born_1964)"
60,Brad Cornelsen,/wiki/Brad_Cornelsen
64,Gerad Parker,/wiki/Gerad_Parker
65,Nick Charlton,/wiki/Nick_Charlton
66,Steve Casula,/wiki/Steve_Casula
67,Billy Fessler,/wiki/Billy_Fessler
70,DJ Mangas,/wiki/DJ_Mangas
71,Paul Petrino,/wiki/Paul_Petrino
72,Chris Creighton,/wiki/Chris_Creighton
73,Matt Johnson,/wiki/Matt_Johnson_(quarterback)
75,Eric Eidsness,/wiki/Eric_Eidsness_(American_football)
79,Mike Thiessen,/wiki/Mike_Thiessen
80,Bush Hamdan,/wiki/Bush_Hamdan
81,Matt Mumme,/wiki/Matt_Mumme
84,Derek Sage,/wiki/Derek_Sage
85,Bryant Vincent,/wiki/Bryant_Vincent
86,Ryan Lindley,/wiki/Ryan_Lindley
87,Kevin McGiven,/wiki/Kevin_McGiven
88,Brennan Marion,/wiki/Brennan_Marion
90,Tim Polasek,/wiki/Tim_Polasek
91,Brennan Carroll,/wiki/Brennan_Carroll
92,Beau Baldwin,/wiki/Beau_Baldwin
93,Jake Spavital,/wiki/Jake_Spavital
94,Sean Lewis,/wiki/Sean_Lewis_(American_football)
96,Brian Lindgren,/wiki/Brian_Lindgren
97,Troy Taylor,/wiki/Troy_Taylor_(American_football)
98,Chip Kelly,/wiki/Chip_Kelly
99,Josh Henson,/wiki/Josh_Henson
100,Andy Ludwig,/wiki/Andy_Ludwig
102,Ben Arbuckle,/wiki/Ben_Arbuckle
103,Tommy Rees,/wiki/Tommy_Rees_(American_football)
104,Dan Enos,/wiki/Dan_Enos
105,Philip Montgomery,/wiki/Philip_Montgomery
106,Rob Sale,/wiki/Rob_Sale
107,Mike Bobo,/wiki/Mike_Bobo
108,Liam Coen,/wiki/Liam_Coen
109,Mike Denbrock,/wiki/Mike_Denbrock
111,Kevin Barbay,/wiki/Kevin_Barbay
112,Kirby Moore,/wiki/Kirby_Moore
113,Dowell Loggains,/wiki/Dowell_Loggains
114,Joey Halzle,/wiki/Joey_Halzle
115,Bobby Petrino,/wiki/Bobby_Petrino
116,Joey Lynch,/wiki/Joey_Lynch
117,Frank Ponce,/wiki/Frank_Ponce
118,Logan Kilgore,/wiki/Logan_Kilgore
119,Travis Trickett,/wiki/Travis_Trickett
120,Bryan Ellis,/wiki/Bryan_Ellis
122,Mike Shanahan,/wiki/Mike_Shanahan_(tight_end)
125,Clint Trickett,/wiki/Clint_Trickett
126,Kevin Decker,/wiki/Kevin_Decker
127,Major Applewhite,/wiki/Major_Applewhite
129,Mack Leftwich,/wiki/Mack_Leftwich
130,Joe Craddock,/wiki/Joe_Craddock
1,Matt Barnes,/wiki/Matt_Barnes_(coach)
3,Matt Caponi,/wiki/Matt_Caponi
6,Todd Orlando,/wiki/Todd_Orlando
7,Everett Withers,/wiki/Everett_Withers
14,Tyler Santucci,/wiki/Tyler_Santucci
15,Adam Fuller,/wiki/Adam_Fuller
17,Ron English,/wiki/Ron_English_(American_football)
18,Lance Guidry,/wiki/Lance_Guidry
20,Tony Gibson,/wiki/Tony_Gibson_(American_football)
21,Randy Bates,/wiki/Randy_Bates
22,Rocky Long,/wiki/Rocky_Long
23,John Rudzinski,/wiki/John_Rudzinski
24,Chris Marve,/wiki/Chris_Marve
25,Brad Lambert,/wiki/Brad_Lambert_(American_football)
26,Matt Powledge,/wiki/Matt_Powledge
27,Jay Hill,/wiki/Jay_Hill_(American_football)
29,Doug Belk,/wiki/Doug_Belk
30,Jon Heacock,/wiki/Jon_Heacock
32,Joe Klanderman,/wiki/Joe_Klanderman
35,Joe Gillespie,/wiki/Joe_Gillespie
37,Tim DeRuyter,/wiki/Tim_DeRuyter
40,Aaron Henry,/wiki/Aaron_Henry_(American_football)
42,Phil Parker,/wiki/Phil_Parker
43,Brian Williams,/wiki/Brian_Williams_(American_football_coach)
44,Jesse Minter,/wiki/Jesse_Minter
45,Scottie Hazelton,/wiki/Scottie_Hazelton
47,Tony White,/wiki/Tony_White_(American_football)
49,Jim Knowles,/wiki/Jim_Knowles_(American_football)
51,Kevin Kane,/wiki/Kevin_Kane_(American_football)
52,Joe Harasymiak,/wiki/Joe_Harasymiak
54,Jovan Dewitt,/wiki/Jovan_Dewitt
55,Zac Alley,/wiki/Zac_Alley
58,Scott Shafer,/wiki/Scott_Shafer
61,Bradley Dale Peveto,/wiki/Bradley_Dale_Peveto
62,Tyson Summers,/wiki/Tyson_Summers
63,Nate Woody,/wiki/Nate_Woody
64,Al Golden,/wiki/Al_Golden
65,Lou Spanos,/wiki/Lou_Spanos
66,Keith Dudzinski,/wiki/Keith_Dudzinski
67,Tim Tibesar,/wiki/Tim_Tibesar
68,Tyler Stockton,/wiki/Tyler_Stockton
71,Robb Akey,/wiki/Robb_Akey
73,David Duggan,/wiki/David_Duggan_(American_football)
76,Spence Nowinsky,/wiki/Spence_Nowinsky
78,Lou Esposito,/wiki/Lou_Esposito
79,Brian Knorr,/wiki/Brian_Knorr
81,Freddie Banks,/wiki/Freddie_Banks_(coach)
82,Kevin Coyle,/wiki/Kevin_Coyle
83,Jacob Yoro,/wiki/Jacob_Yoro
91,Johnny Nansen,/wiki/Johnny_Nansen
92,Brian Ward,/wiki/Brian_Ward
93,Peter Sirmon,/wiki/Peter_Sirmon
94,Charles Kelly,/wiki/Charles_Kelly_(American_football)
96,Trent Bray,/wiki/Trent_Bray_(American_football)
97,Bobby April III,/wiki/Bobby_April_III
98,D'Anton Lynn,/wiki/D%27Anton_Lynn
99,Alex Grinch,/wiki/Alex_Grinch
100,Morgan Scalley,/wiki/Morgan_Scalley
102,Jeff Schmedding,/wiki/Jeff_Schmedding
103,Kevin Steele,/wiki/Kevin_Steele
105,Ron Roberts,/wiki/Ron_Roberts_(American_football)
108,Brad White,/wiki/Brad_White_(American_football)
109,Matt House,/wiki/Matt_House
110,Pete Golding,/wiki/Pete_Golding
111,Matt Brock,/wiki/Matt_Brock_(American_football_coach)
112,Blake Baker,/wiki/Blake_Baker
113,Clayton White,/wiki/Clayton_White
114,Tim Banks,/wiki/Tim_Banks
115,D. J. Durkin,/wiki/D._J._Durkin
116,Nick Howell,/wiki/Nick_Howell
120,Brandon Bailey,/wiki/Brandon_Bailey_(American_football)
121,Chad Staggs,/wiki/Chad_Staggs
124,Vic Koenning,/wiki/Vic_Koenning
0,Chad Lunsford,/wiki/Chad_Lunsford
2,Ricky Brown,/wiki/Ricky_Brown
7,Adam Scheier,/wiki/Adam_Scheier
8,Greg McMahon,/wiki/Greg_McMahon
9,Joe Bolden,/wiki/Joe_Bolden
12,Matt Thurin,/wiki/Matt_Thurin
13,Michael Reed,/wiki/Michael_Reed_(American_football)
14,Patrick Dougherty,/wiki/Patrick_Dougherty_(American_football)
15,John Papuchis,/wiki/John_Papuchis
19,Larry Porter,/wiki/Larry_Porter_(coach)
22,Bob Ligashesky,/wiki/Bob_Ligashesky
23,Keith Gaither,/wiki/Keith_Gaither
24,Stu Holt,/wiki/Stu_Holt
25,Wayne Lineburg,/wiki/Wayne_Lineburg
27,Kelly Poppinga,/wiki/Kelly_Poppinga
28,Kerry Coombs,/wiki/Kerry_Coombs
30,Jordan Langs,/wiki/Jordan_Langs
34,John Wozniak,/wiki/John_Wozniak_(football_coach)
36,Jeff Banks,/wiki/Jeff_Banks_(American_football)
37,Kenny Perry,/wiki/Kenny_Perry_(American_football)
42,LeVar Woods,/wiki/LeVar_Woods
43,James Thomas Jr.,/wiki/James_Thomas_Jr.
44,Jay Harbaugh,/wiki/Jay_Harbaugh
45,Ross Els,/wiki/Ross_Els
47,Ed Foley,/wiki/Ed_Foley
48,Jeff Genyk,/wiki/Jeff_Genyk
50,Stacy Collins,/wiki/Stacy_Collins
53,Matt Mitchell,/wiki/Matt_Mitchell_(American_football)
54,Zac Roper,/wiki/Zac_Roper
57,Dan Sharp,/wiki/Dan_Sharp
66,Ben Albert,/wiki/Ben_Albert
69,Alex Bayer,/wiki/Alex_Bayer
71,Keith Murphy,/wiki/Keith_Murphy
78,Jeff Popovich,/wiki/Jeff_Popovich
79,Tim Horton,/wiki/Tim_Horton_(American_football)
81,Tommy Perry,/wiki/Tommy_Perry
82,John Baxter,/wiki/John_Baxter_(American_football)
83,Thomas Sheffield,/wiki/Thomas_Sheffield
88,James Shibest,/wiki/James_Shibest
92,Charlie Ragle,/wiki/Charlie_Ragle
95,Joe Lorig,/wiki/Joe_Lorig
97,Bob Gregory,/wiki/Bob_Gregory_(American_football)
100,Sharrieff Shah,/wiki/Sharrieff_Shah
102,Nick Whitworth,/wiki/Nick_Whitworth
104,Scott Fountain,/wiki/Scott_Fountain
107,Scott Cochran,/wiki/Scott_Cochran
108,Jay Boulware,/wiki/Jay_Boulware
109,John Jancek,/wiki/John_Jancek
113,Pete Lembo,/wiki/Pete_Lembo
114,Mike Ekeler,/wiki/Mike_Ekeler
118,Josh Conklin,/wiki/Josh_Conklin
129,Daniel Da Prato,/wiki/Daniel_Da_Prato
35,Kendal Briles ,/wiki/Kendal_Briles
35, A. J. Ricker,/wiki/A._J._Ricker
41,Walt Bell ,/wiki/Walt_Bell
41, Anthony Tucker,/wiki/Anthony_Tucker_(American_football)
43,Josh Gattis ,/wiki/Josh_Gattis
43, Kevin Sumlin,/wiki/Kevin_Sumlin
46,Greg Harbaugh Jr. ,/wiki/Greg_Harbaugh_Jr.
46, Matt Simon,"/wiki/Matt_Simon_(American_football,_born_1985)"
56, Willy Korn,/wiki/Willy_Korn
63,Matt Drinkall ,/wiki/Matt_Drinkall
68,Jared Elliott ,/wiki/Jared_Elliott
76,Scott Isphording ,/wiki/Scott_Isphording
76, Allen Rudolph,/wiki/Allen_Rudolph
77,Mike Hallett ,/wiki/Mike_Hallett_(American_football)
77, Robert Weiner,/wiki/Robert_Weiner_(American_football)
83, Ian Shoemaker,/wiki/Ian_Shoemaker
95,Junior Adams ,/wiki/Junior_Adams
95, Will Stein,/wiki/Will_Stein
101,Ryan Grubb ,/wiki/Ryan_Grubb
101, JaMarcus Shephard,/wiki/JaMarcus_Shephard
110,John David Baker ,/wiki/John_David_Baker
110, Charlie Weis Jr.,/wiki/Charlie_Weis_Jr.
12,Aazaar Abdul-Rahim ,/wiki/Aazaar_Abdul-Rahim
12, Sean Duggan,/wiki/Sean_Duggan_(American_football)
13,Mickey Conn ,/wiki/Mickey_Conn
13, Wes Goodwin,/wiki/Wes_Goodwin
16,Kevin Sherrer ,/wiki/Kevin_Sherrer
16, Andrew Thacker,/wiki/Andrew_Thacker
19,Gene Chizik ,/wiki/Gene_Chizik
19, Charlton Warren,/wiki/Charlton_Warren
28,Bryan Brown ,/wiki/Bryan_Brown_(American_football)
33,Todd Bates ,/wiki/Todd_Bates_(American_football)
33, Ted Roof ,/wiki/Ted_Roof
33, Jay Valai,/wiki/Ted_Roof
36,Jeff Choate ,/wiki/Jeff_Choate
36, Pete Kwiatkowski,/wiki/Pete_Kwiatkowski
38,David Gibbs ,/wiki/David_Gibbs_(American_football)
41,Matt Guerrieri ,/wiki/Matt_Guerrieri
46, Joe Rossi,/wiki/Joe_Rossi_(American_football)
50,Manny Diaz ,/wiki/Manny_Diaz_(American_football)
50, Anthony Poindexter,/wiki/Anthony_Poindexter
53, Mike Tressel,/wiki/Mike_Tressel
59,Nate Dreiling ,/wiki/Nate_Dreiling
69, Steve Morrison,/wiki/Steve_Morrison_(American_football)
72,Taver Johnson ,/wiki/Taver_Johnson
72, Ben Needham,/wiki/Ben_Needham_(American_football)
77,Vince Kehres ,/wiki/Vince_Kehres
80, Kane Ioane,/wiki/Kane_Ioane
95,Chris Hampton ,/wiki/Chris_Hampton
95, Tosh Lupoi,/wiki/Tosh_Lupoi
101,William Inge ,/wiki/William_Inge_(American_football)
101, Chuck Morrell,/wiki/Chuck_Morrell
104,Travis Williams ,/wiki/Travis_Williams_(linebacker)
104, Marcus Woodson,/wiki/Marcus_Woodson
106,Austin Armstrong ,/wiki/Austin_Armstrong
106, Sean Spencer,/wiki/Sean_Spencer_(American_football)
107,Will Muschamp ,/wiki/Will_Muschamp
107, Glenn Schumann,/wiki/Glenn_Schumann
125, Chevis Jackson,/wiki/Chevis_Jackson
80,Keith Bhonapha ,/wiki/Keith_Bhonapha
80, Kelly Poppinga,/wiki/Kelly_Poppinga
